Workbook

Sheet הדבקת לידים
A1: מספר זיהוי | B1: טלפון נייד | E1: הגרלה | H1: הוראות שימוש
E2: מספר הגרלה (לשינוי הערבוב) | F2: 1 | H2: 1. מחקו את הרשימה הקודמת: סמנו את עמודות A:B (מהשורה 2 ומטה) ולחצו Delete.
H3: 2. העתיקו את הלידים (שתי עמודות בלבד: מספר זיהוי, טלפון נייד – ללא שורת כותרות).
E4: בדיקות ובקרה | H4: 3. לחצו על תא A2 והדביקו. מומלץ: לחצן ימני ← "הדבק ערכים" (או Ctrl+Shift+V) כדי לשמור על העיצוב.
E5: לידים שזוהו | F5: =הגדרות!$E$5 -> 0 | H5: 4. זהו! עברו לגיליון "תוצאה" – כל הלידים מעורבבים ומחולקים לנציגים, מקובצים לפי נציג.
E6: לידים שחולקו בגיליון התוצאה | F6: =COUNTIF(תוצאה!$C$2:$C$5001,"?*") -> 0 | H6: 5. ודאו שבתא F11 מופיע "✔ החלוקה תקינה" ושההפרש בין הנציגים (F10) הוא 0 או 1.
E7: שורות עם שדה אחד חסר | F7: =SUMPRODUCT(--((($A$2:$A$5001<>"")+($B$2:$B$5001<>""))=1)) -> 0
E8: מספרי זיהוי שמופיעים יותר מפעם אחת | F8: =SUM(עזר!$G$2:$G$5001) -> 0 | H8: קיבוע התוצאה: הערבוב אינו משתמש ב-RAND ולכן אינו משתנה בפתיחת הקובץ או בחישוב מחדש.
E9: שורות מעבר לקיבולת (5,000) | F9: =COUNTA($A$5002:$B$1048576) -> 0 | H9: הוא נקבע לפי רשימת הלידים + "מספר ההגרלה" (F2). אותה רשימה ואותו מספר = אותה חלוקה תמיד.
E10: הפרש בין הנציג הגדול לקטן | F10: =IF(COUNT(F15:F34)=0,0,MAX(F15:F34)-MIN(F15:F34)) -> 0 | H10: לערבוב חדש – שנו את מספר ההגרלה (למשל 2, 3...). כדאי להשתמש במספר אחר בכל חודש.
E11: מצב | F11: =IF(F5=0,"ממתין להדבקת לידים",IF(F9>0,"⚠ יותר מ-5,000 לידים – לא כולם חולקו",IF(OR(F6<>F5,F10>1),"⚠ שגיאה בחלוקה – בדקו את ההגדרות",IF(F8>0,"✔ חולק – שימו לב: יש מספרי זיהוי כפולים","✔ החלוקה תקינה")))) -> ממתין להדבקת לידים | H11: לשמירת עותק סופי: שמרו את הקובץ בשם חדש (למשל "חלוקה – ספטמבר"), או העתיקו את גיליון
H12: התוצאה והדביקו כ"ערכים" בקובץ נפרד לשליחה לנציגים.
E14: נציג | F14: מספר לידים | H14: אפסים מובילים: עמודות ההדבקה מעוצבות כטקסט. אם בכל זאת הודבק מספר שאיבד את האפס,
E15: =IF(הגדרות!A2="","",הגדרות!A2) -> בן | F15: =IF(E15="","",COUNTIF(תוצאה!$C$2:$C$5001,E15)) -> 0 | H15: הקובץ משלים אותו אוטומטית (ת"ז ל-9 ספרות, נייד ל-10 ספרות) – ניתן לשנות בגיליון "הגדרות".
E16: =IF(הגדרות!A3="","",הגדרות!A3) -> אור | F16: =IF(E16="","",COUNTIF(תוצאה!$C$2:$C$5001,E16)) -> 0
E17: =IF(הגדרות!A4="","",הגדרות!A4) -> רותם | F17: =IF(E17="","",COUNTIF(תוצאה!$C$2:$C$5001,E17)) -> 0 | H17: קיבולת: עד 5,000 לידים. שמות הנציגים ניתנים לעריכה בגיליון "הגדרות" (עד 20 נציגים).
E18: =IF(הגדרות!A5="","",הגדרות!A5) -> בר | F18: =IF(E18="","",COUNTIF(תוצאה!$C$2:$C$5001,E18)) -> 0 | H18: תאים בצהוב = מקום להקלדה/הדבקה. אין צורך למיין, לגרור נוסחאות או להפעיל מאקרו.
E19: =IF(הגדרות!A6="","",הגדרות!A6) -> אוריה | F19: =IF(E19="","",COUNTIF(תוצאה!$C$2:$C$5001,E19)) -> 0
E20: =IF(הגדרות!A7="","",הגדרות!A7) -> אודל | F20: =IF(E20="","",COUNTIF(תוצאה!$C$2:$C$5001,E20)) -> 0
E21: =IF(הגדרות!A8="","",הגדרות!A8) -> סדי | F21: =IF(E21="","",COUNTIF(תוצאה!$C$2:$C$5001,E21)) -> 0
E22: =IF(הגדרות!A9="","",הגדרות!A9) -> מרים | F22: =IF(E22="","",COUNTIF(תוצאה!$C$2:$C$5001,E22)) -> 0
E23: =IF(הגדרות!A10="","",הגדרות!A10) | F23: =IF(E23="","",COUNTIF(תוצאה!$C$2:$C$5001,E23))
E24: =IF(הגדרות!A11="","",הגדרות!A11) | F24: =IF(E24="","",COUNTIF(תוצאה!$C$2:$C$5001,E24))
E25: =IF(הגדרות!A12="","",הגדרות!A12) | F25: =IF(E25="","",COUNTIF(תוצאה!$C$2:$C$5001,E25))
E26: =IF(הגדרות!A13="","",הגדרות!A13) | F26: =IF(E26="","",COUNTIF(תוצאה!$C$2:$C$5001,E26))
E27: =IF(הגדרות!A14="","",הגדרות!A14) | F27: =IF(E27="","",COUNTIF(תוצאה!$C$2:$C$5001,E27))
E28: =IF(הגדרות!A15="","",הגדרות!A15) | F28: =IF(E28="","",COUNTIF(תוצאה!$C$2:$C$5001,E28))
E29: =IF(הגדרות!A16="","",הגדרות!A16) | F29: =IF(E29="","",COUNTIF(תוצאה!$C$2:$C$5001,E29))
E30: =IF(הגדרות!A17="","",הגדרות!A17) | F30: =IF(E30="","",COUNTIF(תוצאה!$C$2:$C$5001,E30))
... E34: =IF(הגדרות!A21="","",הגדרות!A21) | F34: =IF(E34="","",COUNTIF(תוצאה!$C$2:$C$5001,E34))
E35: סה"כ | F35: =SUM(F15:F34) -> 0

Sheet תוצאה
A1: מספר זיהוי | B1: טלפון נייד | C1: שם נציג
A2: =IF(עזר!L2="","",INDEX(עזר!$A$2:$A$5001,עזר!L2)) | B2: =IF(עזר!L2="","",INDEX(עזר!$B$2:$B$5001,עזר!L2)) | C2: =עזר!M2
A3: =IF(עזר!L3="","",INDEX(עזר!$A$2:$A$5001,עזר!L3)) | B3: =IF(עזר!L3="","",INDEX(עזר!$B$2:$B$5001,עזר!L3)) | C3: =עזר!M3
A4: =IF(עזר!L4="","",INDEX(עזר!$A$2:$A$5001,עזר!L4)) | B4: =IF(עזר!L4="","",INDEX(עזר!$B$2:$B$5001,עזר!L4)) | C4: =עזר!M4
A5: =IF(עזר!L5="","",INDEX(עזר!$A$2:$A$5001,עזר!L5)) | B5: =IF(עזר!L5="","",INDEX(עזר!$B$2:$B$5001,עזר!L5)) | C5: =עזר!M5
A6: =IF(עזר!L6="","",INDEX(עזר!$A$2:$A$5001,עזר!L6)) | B6: =IF(עזר!L6="","",INDEX(עזר!$B$2:$B$5001,עזר!L6)) | C6: =עזר!M6
A7: =IF(עזר!L7="","",INDEX(עזר!$A$2:$A$5001,עזר!L7)) | B7: =IF(עזר!L7="","",INDEX(עזר!$B$2:$B$5001,עזר!L7)) | C7: =עזר!M7
A8: =IF(עזר!L8="","",INDEX(עזר!$A$2:$A$5001,עזר!L8)) | B8: =IF(עזר!L8="","",INDEX(עזר!$B$2:$B$5001,עזר!L8)) | C8: =עזר!M8
A9: =IF(עזר!L9="","",INDEX(עזר!$A$2:$A$5001,עזר!L9)) | B9: =IF(עזר!L9="","",INDEX(עזר!$B$2:$B$5001,עזר!L9)) | C9: =עזר!M9
A10: =IF(עזר!L10="","",INDEX(עזר!$A$2:$A$5001,עזר!L10)) | B10: =IF(עזר!L10="","",INDEX(עזר!$B$2:$B$5001,עזר!L10)) | C10: =עזר!M10
A11: =IF(עזר!L11="","",INDEX(עזר!$A$2:$A$5001,עזר!L11)) | B11: =IF(עזר!L11="","",INDEX(עזר!$B$2:$B$5001,עזר!L11)) | C11: =עזר!M11
A12: =IF(עזר!L12="","",INDEX(עזר!$A$2:$A$5001,עזר!L12)) | B12: =IF(עזר!L12="","",INDEX(עזר!$B$2:$B$5001,עזר!L12)) | C12: =עזר!M12
A13: =IF(עזר!L13="","",INDEX(עזר!$A$2:$A$5001,עזר!L13)) | B13: =IF(עזר!L13="","",INDEX(עזר!$B$2:$B$5001,עזר!L13)) | C13: =עזר!M13
... A5001: =IF(עזר!L5001="","",INDEX(עזר!$A$2:$A$5001,עזר!L5001)) | B5001: =IF(עזר!L5001="","",INDEX(עזר!$B$2:$B$5001,עזר!L5001)) | C5001: =עזר!M5001

Sheet הגדרות
A1: שמות נציגים | D1: פרמטר | E1: ערך
A2: בן | D2: השלמת אפסים מובילים למספר זיהוי מספרי – אורך בספרות (0 = ללא השלמה) | E2: 9
A3: אור | D3: השלמת אפסים מובילים לטלפון מספרי – אורך בספרות (0 = ללא השלמה) | E3: 10
A4: רותם
A5: בר | D5: מספר לידים שזוהו (מחושב) | E5: =COUNT(עזר!$E$2:$E$5001) -> 0
A6: אוריה | D6: מספר נציגים (מחושב) | E6: =COUNTA($A$2:$A$21) -> 8
A7: אודל | D7: לידים בסיסיים לכל נציג (מחושב) | E7: =IF(E6=0,0,INT(E5/E6)) -> 0
A8: סדי | D8: נציגים שמקבלים ליד נוסף (מחושב) | E8: =IF(E6=0,0,MOD(E5,E6)) -> 0
A9: מרים | D9: היסט סבב נציגים (מחושב) | E9: =IF(E6=0,0,MOD(ABS(INT('הדבקת לידים'!$F$2))+E5,E6)) -> 1
D11: הערות: שמות הנציגים נכתבים בעמודה A ברצף, ללא שורות ריקות באמצע (עד 20 נציגים). השלמת אפסים חלה רק על ערכים שהודבקו כמספר (ואיבדו את האפס המוביל) – למשל 12345678 יוצג כ-012345678, ו-501234567 יוצג כ-0501234567. ערכים שהודבקו כטקסט נשמרים בדיוק כפי שהם. תאים בצהוב = ניתנים לעריכה; תאים באפור = מחושבים.

Sheet עזר
A1: מספר זיהוי מנורמל | B1: טלפון מנורמל | C1: שורה תקינה | D1: גיבוב 1 | E1: ציון ערבוב | F1: מיקום בערבוב | G1: זיהוי כפול | H1: שורת תוצאה | I1: סבב נציג | J1: מקום בתוך הנציג | K1: מיקום בערבוב לשורה | L1: שורת מקור | M1: שם נציג
A2: =IF('הדבקת לידים'!A2="","",IF(ISNUMBER('הדבקת לידים'!A2),IF(הגדרות!$E$2>0,TEXT('הדבקת לידים'!A2,REPT("0",הגדרות!$E$2)),TEXT('הדבקת לידים'!A2,"0")),TRIM('הדבקת לידים'!A2))) | B2: =IF('הדבקת לידים'!B2="","",IF(ISNUMBER('הדבקת לידים'!B2),IF(הגדרות!$E$3>0,TEXT('הדבקת לידים'!B2,REPT("0",הגדרות!$E$3)),TEXT('הדבקת לידים'!B2,"0")),TRIM('הדבקת לידים'!B2))) | C2: =IF(OR(A2<>"",B2<>""),1,0) -> 0 | D2: =IF(C2=1,MOD(ABS(SIN(ROW()*12.9898+'הדבקת לידים'!$F$2*78.233+IFERROR(--RIGHT(A2,6),LEN(A2))*0.0137+IFERROR(--RIGHT(B2,6),LEN(B2))*0.0071))*43758.5453,1),"") | E2: =IF(C2=1,INT(MOD(ABS(SIN(D2*7919.123+ROW()*0.618+'הדבקת לידים'!$F$2*1.3))*43758.5453,1)*1000000)*10000+ROW(),"") | F2: =IF(E2="","",RANK(E2,$E$2:$E$5001,1)) | G2: =IF(A2="",0,IF(SUMPRODUCT(--($A$2:$A$5001=A2))>1,1,0)) -> 0 | H2: =ROW()-1 -> 1 | I2: =IF(OR(הגדרות!$E$6=0,H2>הגדרות!$E$5),"",IF(H2-1<הגדרות!$E$8*(הגדרות!$E$7+1),INT((H2-1)/(הגדרות!$E$7+1)),הגדרות!$E$8+INT((H2-1-הגדרות!$E$8*(הגדרות!$E$7+1))/הגדרות!$E$7))) | J2: =IF(I2="","",IF(H2-1<הגדרות!$E$8*(הגדרות!$E$7+1),MOD(H2-1,הגדרות!$E$7+1),MOD(H2-1-הגדרות!$E$8*(הגדרות!$E$7+1),הגדרות!$E$7))) | K2: =IF(I2="","",J2*הגדרות!$E$6+I2+1) | L2: =IF(K2="","",MATCH(K2,$F$2:$F$5001,0)) | M2: =IF(I2="","",INDEX(הגדרות!$A$2:$A$21,MOD(I2+הגדרות!$E$9,הגדרות!$E$6)+1))
A3: =IF('הדבקת לידים'!A3="","",IF(ISNUMBER('הדבקת לידים'!A3),IF(הגדרות!$E$2>0,TEXT('הדבקת לידים'!A3,REPT("0",הגדרות!$E$2)),TEXT('הדבקת לידים'!A3,"0")),TRIM('הדבקת לידים'!A3))) | B3: =IF('הדבקת לידים'!B3="","",IF(ISNUMBER('הדבקת לידים'!B3),IF(הגדרות!$E$3>0,TEXT('הדבקת לידים'!B3,REPT("0",הגדרות!$E$3)),TEXT('הדבקת לידים'!B3,"0")),TRIM('הדבקת לידים'!B3))) | C3: =IF(OR(A3<>"",B3<>""),1,0) -> 0 | D3: =IF(C3=1,MOD(ABS(SIN(ROW()*12.9898+'הדבקת לידים'!$F$2*78.233+IFERROR(--RIGHT(A3,6),LEN(A3))*0.0137+IFERROR(--RIGHT(B3,6),LEN(B3))*0.0071))*43758.5453,1),"") | E3: =IF(C3=1,INT(MOD(ABS(SIN(D3*7919.123+ROW()*0.618+'הדבקת לידים'!$F$2*1.3))*43758.5453,1)*1000000)*10000+ROW(),"") | F3: =IF(E3="","",RANK(E3,$E$2:$E$5001,1)) | G3: =IF(A3="",0,IF(SUMPRODUCT(--($A$2:$A$5001=A3))>1,1,0)) -> 0 | H3: =ROW()-1 -> 2 | I3: =IF(OR(הגדרות!$E$6=0,H3>הגדרות!$E$5),"",IF(H3-1<הגדרות!$E$8*(הגדרות!$E$7+1),INT((H3-1)/(הגדרות!$E$7+1)),הגדרות!$E$8+INT((H3-1-הגדרות!$E$8*(הגדרות!$E$7+1))/הגדרות!$E$7))) | J3: =IF(I3="","",IF(H3-1<הגדרות!$E$8*(הגדרות!$E$7+1),MOD(H3-1,הגדרות!$E$7+1),MOD(H3-1-הגדרות!$E$8*(הגדרות!$E$7+1),הגדרות!$E$7))) | K3: =IF(I3="","",J3*הגדרות!$E$6+I3+1) | L3: =IF(K3="","",MATCH(K3,$F$2:$F$5001,0)) | M3: =IF(I3="","",INDEX(הגדרות!$A$2:$A$21,MOD(I3+הגדרות!$E$9,הגדרות!$E$6)+1))
A4: =IF('הדבקת לידים'!A4="","",IF(ISNUMBER('הדבקת לידים'!A4),IF(הגדרות!$E$2>0,TEXT('הדבקת לידים'!A4,REPT("0",הגדרות!$E$2)),TEXT('הדבקת לידים'!A4,"0")),TRIM('הדבקת לידים'!A4))) | B4: =IF('הדבקת לידים'!B4="","",IF(ISNUMBER('הדבקת לידים'!B4),IF(הגדרות!$E$3>0,TEXT('הדבקת לידים'!B4,REPT("0",הגדרות!$E$3)),TEXT('הדבקת לידים'!B4,"0")),TRIM('הדבקת לידים'!B4))) | C4: =IF(OR(A4<>"",B4<>""),1,0) -> 0 | D4: =IF(C4=1,MOD(ABS(SIN(ROW()*12.9898+'הדבקת לידים'!$F$2*78.233+IFERROR(--RIGHT(A4,6),LEN(A4))*0.0137+IFERROR(--RIGHT(B4,6),LEN(B4))*0.0071))*43758.5453,1),"") | E4: =IF(C4=1,INT(MOD(ABS(SIN(D4*7919.123+ROW()*0.618+'הדבקת לידים'!$F$2*1.3))*43758.5453,1)*1000000)*10000+ROW(),"") | F4: =IF(E4="","",RANK(E4,$E$2:$E$5001,1)) | G4: =IF(A4="",0,IF(SUMPRODUCT(--($A$2:$A$5001=A4))>1,1,0)) -> 0 | H4: =ROW()-1 -> 3 | I4: =IF(OR(הגדרות!$E$6=0,H4>הגדרות!$E$5),"",IF(H4-1<הגדרות!$E$8*(הגדרות!$E$7+1),INT((H4-1)/(הגדרות!$E$7+1)),הגדרות!$E$8+INT((H4-1-הגדרות!$E$8*(הגדרות!$E$7+1))/הגדרות!$E$7))) | J4: =IF(I4="","",IF(H4-1<הגדרות!$E$8*(הגדרות!$E$7+1),MOD(H4-1,הגדרות!$E$7+1),MOD(H4-1-הגדרות!$E$8*(הגדרות!$E$7+1),הגדרות!$E$7))) | K4: =IF(I4="","",J4*הגדרות!$E$6+I4+1) | L4: =IF(K4="","",MATCH(K4,$F$2:$F$5001,0)) | M4: =IF(I4="","",INDEX(הגדרות!$A$2:$A$21,MOD(I4+הגדרות!$E$9,הגדרות!$E$6)+1))
A5: =IF('הדבקת לידים'!A5="","",IF(ISNUMBER('הדבקת לידים'!A5),IF(הגדרות!$E$2>0,TEXT('הדבקת לידים'!A5,REPT("0",הגדרות!$E$2)),TEXT('הדבקת לידים'!A5,"0")),TRIM('הדבקת לידים'!A5))) | B5: =IF('הדבקת לידים'!B5="","",IF(ISNUMBER('הדבקת לידים'!B5),IF(הגדרות!$E$3>0,TEXT('הדבקת לידים'!B5,REPT("0",הגדרות!$E$3)),TEXT('הדבקת לידים'!B5,"0")),TRIM('הדבקת לידים'!B5))) | C5: =IF(OR(A5<>"",B5<>""),1,0) -> 0 | D5: =IF(C5=1,MOD(ABS(SIN(ROW()*12.9898+'הדבקת לידים'!$F$2*78.233+IFERROR(--RIGHT(A5,6),LEN(A5))*0.0137+IFERROR(--RIGHT(B5,6),LEN(B5))*0.0071))*43758.5453,1),"") | E5: =IF(C5=1,INT(MOD(ABS(SIN(D5*7919.123+ROW()*0.618+'הדבקת לידים'!$F$2*1.3))*43758.5453,1)*1000000)*10000+ROW(),"") | F5: =IF(E5="","",RANK(E5,$E$2:$E$5001,1)) | G5: =IF(A5="",0,IF(SUMPRODUCT(--($A$2:$A$5001=A5))>1,1,0)) -> 0 | H5: =ROW()-1 -> 4 | I5: =IF(OR(הגדרות!$E$6=0,H5>הגדרות!$E$5),"",IF(H5-1<הגדרות!$E$8*(הגדרות!$E$7+1),INT((H5-1)/(הגדרות!$E$7+1)),הגדרות!$E$8+INT((H5-1-הגדרות!$E$8*(הגדרות!$E$7+1))/הגדרות!$E$7))) | J5: =IF(I5="","",IF(H5-1<הגדרות!$E$8*(הגדרות!$E$7+1),MOD(H5-1,הגדרות!$E$7+1),MOD(H5-1-הגדרות!$E$8*(הגדרות!$E$7+1),הגדרות!$E$7))) | K5: =IF(I5="","",J5*הגדרות!$E$6+I5+1) | L5: =IF(K5="","",MATCH(K5,$F$2:$F$5001,0)) | M5: =IF(I5="","",INDEX(הגדרות!$A$2:$A$21,MOD(I5+הגדרות!$E$9,הגדרות!$E$6)+1))
A6: =IF('הדבקת לידים'!A6="","",IF(ISNUMBER('הדבקת לידים'!A6),IF(הגדרות!$E$2>0,TEXT('הדבקת לידים'!A6,REPT("0",הגדרות!$E$2)),TEXT('הדבקת לידים'!A6,"0")),TRIM('הדבקת לידים'!A6))) | B6: =IF('הדבקת לידים'!B6="","",IF(ISNUMBER('הדבקת לידים'!B6),IF(הגדרות!$E$3>0,TEXT('הדבקת לידים'!B6,REPT("0",הגדרות!$E$3)),TEXT('הדבקת לידים'!B6,"0")),TRIM('הדבקת לידים'!B6))) | C6: =IF(OR(A6<>"",B6<>""),1,0) -> 0 | D6: =IF(C6=1,MOD(ABS(SIN(ROW()*12.9898+'הדבקת לידים'!$F$2*78.233+IFERROR(--RIGHT(A6,6),LEN(A6))*0.0137+IFERROR(--RIGHT(B6,6),LEN(B6))*0.0071))*43758.5453,1),"") | E6: =IF(C6=1,INT(MOD(ABS(SIN(D6*7919.123+ROW()*0.618+'הדבקת לידים'!$F$2*1.3))*43758.5453,1)*1000000)*10000+ROW(),"") | F6: =IF(E6="","",RANK(E6,$E$2:$E$5001,1)) | G6: =IF(A6="",0,IF(SUMPRODUCT(--($A$2:$A$5001=A6))>1,1,0)) -> 0 | H6: =ROW()-1 -> 5 | I6: =IF(OR(הגדרות!$E$6=0,H6>הגדרות!$E$5),"",IF(H6-1<הגדרות!$E$8*(הגדרות!$E$7+1),INT((H6-1)/(הגדרות!$E$7+1)),הגדרות!$E$8+INT((H6-1-הגדרות!$E$8*(הגדרות!$E$7+1))/הגדרות!$E$7))) | J6: =IF(I6="","",IF(H6-1<הגדרות!$E$8*(הגדרות!$E$7+1),MOD(H6-1,הגדרות!$E$7+1),MOD(H6-1-הגדרות!$E$8*(הגדרות!$E$7+1),הגדרות!$E$7))) | K6: =IF(I6="","",J6*הגדרות!$E$6+I6+1) | L6: =IF(K6="","",MATCH(K6,$F$2:$F$5001,0)) | M6: =IF(I6="","",INDEX(הגדרות!$A$2:$A$21,MOD(I6+הגדרות!$E$9,הגדרות!$E$6)+1))
A7: =IF('הדבקת לידים'!A7="","",IF(ISNUMBER('הדבקת לידים'!A7),IF(הגדרות!$E$2>0,TEXT('הדבקת לידים'!A7,REPT("0",הגדרות!$E$2)),TEXT('הדבקת לידים'!A7,"0")),TRIM('הדבקת לידים'!A7))) | B7: =IF('הדבקת לידים'!B7="","",IF(ISNUMBER('הדבקת לידים'!B7),IF(הגדרות!$E$3>0,TEXT('הדבקת לידים'!B7,REPT("0",הגדרות!$E$3)),TEXT('הדבקת לידים'!B7,"0")),TRIM('הדבקת לידים'!B7))) | C7: =IF(OR(A7<>"",B7<>""),1,0) -> 0 | D7: =IF(C7=1,MOD(ABS(SIN(ROW()*12.9898+'הדבקת לידים'!$F$2*78.233+IFERROR(--RIGHT(A7,6),LEN(A7))*0.0137+IFERROR(--RIGHT(B7,6),LEN(B7))*0.0071))*43758.5453,1),"") | E7: =IF(C7=1,INT(MOD(ABS(SIN(D7*7919.123+ROW()*0.618+'הדבקת לידים'!$F$2*1.3))*43758.5453,1)*1000000)*10000+ROW(),"") | F7: =IF(E7="","",RANK(E7,$E$2:$E$5001,1)) | G7: =IF(A7="",0,IF(SUMPRODUCT(--($A$2:$A$5001=A7))>1,1,0)) -> 0 | H7: =ROW()-1 -> 6 | I7: =IF(OR(הגדרות!$E$6=0,H7>הגדרות!$E$5),"",IF(H7-1<הגדרות!$E$8*(הגדרות!$E$7+1),INT((H7-1)/(הגדרות!$E$7+1)),הגדרות!$E$8+INT((H7-1-הגדרות!$E$8*(הגדרות!$E$7+1))/הגדרות!$E$7))) | J7: =IF(I7="","",IF(H7-1<הגדרות!$E$8*(הגדרות!$E$7+1),MOD(H7-1,הגדרות!$E$7+1),MOD(H7-1-הגדרות!$E$8*(הגדרות!$E$7+1),הגדרות!$E$7))) | K7: =IF(I7="","",J7*הגדרות!$E$6+I7+1) | L7: =IF(K7="","",MATCH(K7,$F$2:$F$5001,0)) | M7: =IF(I7="","",INDEX(הגדרות!$A$2:$A$21,MOD(I7+הגדרות!$E$9,הגדרות!$E$6)+1))
A8: =IF('הדבקת לידים'!A8="","",IF(ISNUMBER('הדבקת לידים'!A8),IF(הגדרות!$E$2>0,TEXT('הדבקת לידים'!A8,REPT("0",הגדרות!$E$2)),TEXT('הדבקת לידים'!A8,"0")),TRIM('הדבקת לידים'!A8))) | B8: =IF('הדבקת לידים'!B8="","",IF(ISNUMBER('הדבקת לידים'!B8),IF(הגדרות!$E$3>0,TEXT('הדבקת לידים'!B8,REPT("0",הגדרות!$E$3)),TEXT('הדבקת לידים'!B8,"0")),TRIM('הדבקת לידים'!B8))) | C8: =IF(OR(A8<>"",B8<>""),1,0) -> 0 | D8: =IF(C8=1,MOD(ABS(SIN(ROW()*12.9898+'הדבקת לידים'!$F$2*78.233+IFERROR(--RIGHT(A8,6),LEN(A8))*0.0137+IFERROR(--RIGHT(B8,6),LEN(B8))*0.0071))*43758.5453,1),"") | E8: =IF(C8=1,INT(MOD(ABS(SIN(D8*7919.123+ROW()*0.618+'הדבקת לידים'!$F$2*1.3))*43758.5453,1)*1000000)*10000+ROW(),"") | F8: =IF(E8="","",RANK(E8,$E$2:$E$5001,1)) | G8: =IF(A8="",0,IF(SUMPRODUCT(--($A$2:$A$5001=A8))>1,1,0)) -> 0 | H8: =ROW()-1 -> 7 | I8: =IF(OR(הגדרות!$E$6=0,H8>הגדרות!$E$5),"",IF(H8-1<הגדרות!$E$8*(הגדרות!$E$7+1),INT((H8-1)/(הגדרות!$E$7+1)),הגדרות!$E$8+INT((H8-1-הגדרות!$E$8*(הגדרות!$E$7+1))/הגדרות!$E$7))) | J8: =IF(I8="","",IF(H8-1<הגדרות!$E$8*(הגדרות!$E$7+1),MOD(H8-1,הגדרות!$E$7+1),MOD(H8-1-הגדרות!$E$8*(הגדרות!$E$7+1),הגדרות!$E$7))) | K8: =IF(I8="","",J8*הגדרות!$E$6+I8+1) | L8: =IF(K8="","",MATCH(K8,$F$2:$F$5001,0)) | M8: =IF(I8="","",INDEX(הגדרות!$A$2:$A$21,MOD(I8+הגדרות!$E$9,הגדרות!$E$6)+1))
A9: =IF('הדבקת לידים'!A9="","",IF(ISNUMBER('הדבקת לידים'!A9),IF(הגדרות!$E$2>0,TEXT('הדבקת לידים'!A9,REPT("0",הגדרות!$E$2)),TEXT('הדבקת לידים'!A9,"0")),TRIM('הדבקת לידים'!A9))) | B9: =IF('הדבקת לידים'!B9="","",IF(ISNUMBER('הדבקת לידים'!B9),IF(הגדרות!$E$3>0,TEXT('הדבקת לידים'!B9,REPT("0",הגדרות!$E$3)),TEXT('הדבקת לידים'!B9,"0")),TRIM('הדבקת לידים'!B9))) | C9: =IF(OR(A9<>"",B9<>""),1,0) -> 0 | D9: =IF(C9=1,MOD(ABS(SIN(ROW()*12.9898+'הדבקת לידים'!$F$2*78.233+IFERROR(--RIGHT(A9,6),LEN(A9))*0.0137+IFERROR(--RIGHT(B9,6),LEN(B9))*0.0071))*43758.5453,1),"") | E9: =IF(C9=1,INT(MOD(ABS(SIN(D9*7919.123+ROW()*0.618+'הדבקת לידים'!$F$2*1.3))*43758.5453,1)*1000000)*10000+ROW(),"") | F9: =IF(E9="","",RANK(E9,$E$2:$E$5001,1)) | G9: =IF(A9="",0,IF(SUMPRODUCT(--($A$2:$A$5001=A9))>1,1,0)) -> 0 | H9: =ROW()-1 -> 8 | I9: =IF(OR(הגדרות!$E$6=0,H9>הגדרות!$E$5),"",IF(H9-1<הגדרות!$E$8*(הגדרות!$E$7+1),INT((H9-1)/(הגדרות!$E$7+1)),הגדרות!$E$8+INT((H9-1-הגדרות!$E$8*(הגדרות!$E$7+1))/הגדרות!$E$7))) | J9: =IF(I9="","",IF(H9-1<הגדרות!$E$8*(הגדרות!$E$7+1),MOD(H9-1,הגדרות!$E$7+1),MOD(H9-1-הגדרות!$E$8*(הגדרות!$E$7+1),הגדרות!$E$7))) | K9: =IF(I9="","",J9*הגדרות!$E$6+I9+1) | L9: =IF(K9="","",MATCH(K9,$F$2:$F$5001,0)) | M9: =IF(I9="","",INDEX(הגדרות!$A$2:$A$21,MOD(I9+הגדרות!$E$9,הגדרות!$E$6)+1))
A10: =IF('הדבקת לידים'!A10="","",IF(ISNUMBER('הדבקת לידים'!A10),IF(הגדרות!$E$2>0,TEXT('הדבקת לידים'!A10,REPT("0",הגדרות!$E$2)),TEXT('הדבקת לידים'!A10,"0")),TRIM('הדבקת לידים'!A10))) | B10: =IF('הדבקת לידים'!B10="","",IF(ISNUMBER('הדבקת לידים'!B10),IF(הגדרות!$E$3>0,TEXT('הדבקת לידים'!B10,REPT("0",הגדרות!$E$3)),TEXT('הדבקת לידים'!B10,"0")),TRIM('הדבקת לידים'!B10))) | C10: =IF(OR(A10<>"",B10<>""),1,0) -> 0 | D10: =IF(C10=1,MOD(ABS(SIN(ROW()*12.9898+'הדבקת לידים'!$F$2*78.233+IFERROR(--RIGHT(A10,6),LEN(A10))*0.0137+IFERROR(--RIGHT(B10,6),LEN(B10))*0.0071))*43758.5453,1),"") | E10: =IF(C10=1,INT(MOD(ABS(SIN(D10*7919.123+ROW()*0.618+'הדבקת לידים'!$F$2*1.3))*43758.5453,1)*1000000)*10000+ROW(),"") | F10: =IF(E10="","",RANK(E10,$E$2:$E$5001,1)) | G10: =IF(A10="",0,IF(SUMPRODUCT(--($A$2:$A$5001=A10))>1,1,0)) -> 0 | H10: =ROW()-1 -> 9 | I10: =IF(OR(הגדרות!$E$6=0,H10>הגדרות!$E$5),"",IF(H10-1<הגדרות!$E$8*(הגדרות!$E$7+1),INT((H10-1)/(הגדרות!$E$7+1)),הגדרות!$E$8+INT((H10-1-הגדרות!$E$8*(הגדרות!$E$7+1))/הגדרות!$E$7))) | J10: =IF(I10="","",IF(H10-1<הגדרות!$E$8*(הגדרות!$E$7+1),MOD(H10-1,הגדרות!$E$7+1),MOD(H10-1-הגדרות!$E$8*(הגדרות!$E$7+1),הגדרות!$E$7))) | K10: =IF(I10="","",J10*הגדרות!$E$6+I10+1) | L10: =IF(K10="","",MATCH(K10,$F$2:$F$5001,0)) | M10: =IF(I10="","",INDEX(הגדרות!$A$2:$A$21,MOD(I10+הגדרות!$E$9,הגדרות!$E$6)+1))
A11: =IF('הדבקת לידים'!A11="","",IF(ISNUMBER('הדבקת לידים'!A11),IF(הגדרות!$E$2>0,TEXT('הדבקת לידים'!A11,REPT("0",הגדרות!$E$2)),TEXT('הדבקת לידים'!A11,"0")),TRIM('הדבקת לידים'!A11))) | B11: =IF('הדבקת לידים'!B11="","",IF(ISNUMBER('הדבקת לידים'!B11),IF(הגדרות!$E$3>0,TEXT('הדבקת לידים'!B11,REPT("0",הגדרות!$E$3)),TEXT('הדבקת לידים'!B11,"0")),TRIM('הדבקת לידים'!B11))) | C11: =IF(OR(A11<>"",B11<>""),1,0) -> 0 | D11: =IF(C11=1,MOD(ABS(SIN(ROW()*12.9898+'הדבקת לידים'!$F$2*78.233+IFERROR(--RIGHT(A11,6),LEN(A11))*0.0137+IFERROR(--RIGHT(B11,6),LEN(B11))*0.0071))*43758.5453,1),"") | E11: =IF(C11=1,INT(MOD(ABS(SIN(D11*7919.123+ROW()*0.618+'הדבקת לידים'!$F$2*1.3))*43758.5453,1)*1000000)*10000+ROW(),"") | F11: =IF(E11="","",RANK(E11,$E$2:$E$5001,1)) | G11: =IF(A11="",0,IF(SUMPRODUCT(--($A$2:$A$5001=A11))>1,1,0)) -> 0 | H11: =ROW()-1 -> 10 | I11: =IF(OR(הגדרות!$E$6=0,H11>הגדרות!$E$5),"",IF(H11-1<הגדרות!$E$8*(הגדרות!$E$7+1),INT((H11-1)/(הגדרות!$E$7+1)),הגדרות!$E$8+INT((H11-1-הגדרות!$E$8*(הגדרות!$E$7+1))/הגדרות!$E$7))) | J11: =IF(I11="","",IF(H11-1<הגדרות!$E$8*(הגדרות!$E$7+1),MOD(H11-1,הגדרות!$E$7+1),MOD(H11-1-הגדרות!$E$8*(הגדרות!$E$7+1),הגדרות!$E$7))) | K11: =IF(I11="","",J11*הגדרות!$E$6+I11+1) | L11: =IF(K11="","",MATCH(K11,$F$2:$F$5001,0)) | M11: =IF(I11="","",INDEX(הגדרות!$A$2:$A$21,MOD(I11+הגדרות!$E$9,הגדרות!$E$6)+1))
A12: =IF('הדבקת לידים'!A12="","",IF(ISNUMBER('הדבקת לידים'!A12),IF(הגדרות!$E$2>0,TEXT('הדבקת לידים'!A12,REPT("0",הגדרות!$E$2)),TEXT('הדבקת לידים'!A12,"0")),TRIM('הדבקת לידים'!A12))) | B12: =IF('הדבקת לידים'!B12="","",IF(ISNUMBER('הדבקת לידים'!B12),IF(הגדרות!$E$3>0,TEXT('הדבקת לידים'!B12,REPT("0",הגדרות!$E$3)),TEXT('הדבקת לידים'!B12,"0")),TRIM('הדבקת לידים'!B12))) | C12: =IF(OR(A12<>"",B12<>""),1,0) -> 0 | D12: =IF(C12=1,MOD(ABS(SIN(ROW()*12.9898+'הדבקת לידים'!$F$2*78.233+IFERROR(--RIGHT(A12,6),LEN(A12))*0.0137+IFERROR(--RIGHT(B12,6),LEN(B12))*0.0071))*43758.5453,1),"") | E12: =IF(C12=1,INT(MOD(ABS(SIN(D12*7919.123+ROW()*0.618+'הדבקת לידים'!$F$2*1.3))*43758.5453,1)*1000000)*10000+ROW(),"") | F12: =IF(E12="","",RANK(E12,$E$2:$E$5001,1)) | G12: =IF(A12="",0,IF(SUMPRODUCT(--($A$2:$A$5001=A12))>1,1,0)) -> 0 | H12: =ROW()-1 -> 11 | I12: =IF(OR(הגדרות!$E$6=0,H12>הגדרות!$E$5),"",IF(H12-1<הגדרות!$E$8*(הגדרות!$E$7+1),INT((H12-1)/(הגדרות!$E$7+1)),הגדרות!$E$8+INT((H12-1-הגדרות!$E$8*(הגדרות!$E$7+1))/הגדרות!$E$7))) | J12: =IF(I12="","",IF(H12-1<הגדרות!$E$8*(הגדרות!$E$7+1),MOD(H12-1,הגדרות!$E$7+1),MOD(H12-1-הגדרות!$E$8*(הגדרות!$E$7+1),הגדרות!$E$7))) | K12: =IF(I12="","",J12*הגדרות!$E$6+I12+1) | L12: =IF(K12="","",MATCH(K12,$F$2:$F$5001,0)) | M12: =IF(I12="","",INDEX(הגדרות!$A$2:$A$21,MOD(I12+הגדרות!$E$9,הגדרות!$E$6)+1))
A13: =IF('הדבקת לידים'!A13="","",IF(ISNUMBER('הדבקת לידים'!A13),IF(הגדרות!$E$2>0,TEXT('הדבקת לידים'!A13,REPT("0",הגדרות!$E$2)),TEXT('הדבקת לידים'!A13,"0")),TRIM('הדבקת לידים'!A13))) | B13: =IF('הדבקת לידים'!B13="","",IF(ISNUMBER('הדבקת לידים'!B13),IF(הגדרות!$E$3>0,TEXT('הדבקת לידים'!B13,REPT("0",הגדרות!$E$3)),TEXT('הדבקת לידים'!B13,"0")),TRIM('הדבקת לידים'!B13))) | C13: =IF(OR(A13<>"",B13<>""),1,0) -> 0 | D13: =IF(C13=1,MOD(ABS(SIN(ROW()*12.9898+'הדבקת לידים'!$F$2*78.233+IFERROR(--RIGHT(A13,6),LEN(A13))*0.0137+IFERROR(--RIGHT(B13,6),LEN(B13))*0.0071))*43758.5453,1),"") | E13: =IF(C13=1,INT(MOD(ABS(SIN(D13*7919.123+ROW()*0.618+'הדבקת לידים'!$F$2*1.3))*43758.5453,1)*1000000)*10000+ROW(),"") | F13: =IF(E13="","",RANK(E13,$E$2:$E$5001,1)) | G13: =IF(A13="",0,IF(SUMPRODUCT(--($A$2:$A$5001=A13))>1,1,0)) -> 0 | H13: =ROW()-1 -> 12 | I13: =IF(OR(הגדרות!$E$6=0,H13>הגדרות!$E$5),"",IF(H13-1<הגדרות!$E$8*(הגדרות!$E$7+1),INT((H13-1)/(הגדרות!$E$7+1)),הגדרות!$E$8+INT((H13-1-הגדרות!$E$8*(הגדרות!$E$7+1))/הגדרות!$E$7))) | J13: =IF(I13="","",IF(H13-1<הגדרות!$E$8*(הגדרות!$E$7+1),MOD(H13-1,הגדרות!$E$7+1),MOD(H13-1-הגדרות!$E$8*(הגדרות!$E$7+1),הגדרות!$E$7))) | K13: =IF(I13="","",J13*הגדרות!$E$6+I13+1) | L13: =IF(K13="","",MATCH(K13,$F$2:$F$5001,0)) | M13: =IF(I13="","",INDEX(הגדרות!$A$2:$A$21,MOD(I13+הגדרות!$E$9,הגדרות!$E$6)+1))
... A5001: =IF('הדבקת לידים'!A5001="","",IF(ISNUMBER('הדבקת לידים'!A5001),IF(הגדרות!$E$2>0,TEXT('הדבקת לידים'!A5001,REPT("0",הגדרות!$E$2)),TEXT('הדבקת לידים'!A5001,"0")),TRIM('הדבקת לידים'!A5001))) | B5001: =IF('הדבקת לידים'!B5001="","",IF(ISNUMBER('הדבקת לידים'!B5001),IF(הגדרות!$E$3>0,TEXT('הדבקת לידים'!B5001,REPT("0",הגדרות!$E$3)),TEXT('הדבקת לידים'!B5001,"0")),TRIM('הדבקת לידים'!B5001))) | C5001: =IF(OR(A5001<>"",B5001<>""),1,0) -> 0 | D5001: =IF(C5001=1,MOD(ABS(SIN(ROW()*12.9898+'הדבקת לידים'!$F$2*78.233+IFERROR(--RIGHT(A5001,6),LEN(A5001))*0.0137+IFERROR(--RIGHT(B5001,6),LEN(B5001))*0.0071))*43758.5453,1),"") | E5001: =IF(C5001=1,INT(MOD(ABS(SIN(D5001*7919.123+ROW()*0.618+'הדבקת לידים'!$F$2*1.3))*43758.5453,1)*1000000)*10000+ROW(),"") | F5001: =IF(E5001="","",RANK(E5001,$E$2:$E$5001,1)) | G5001: =IF(A5001="",0,IF(SUMPRODUCT(--($A$2:$A$5001=A5001))>1,1,0)) -> 0 | H5001: =ROW()-1 -> 5000 | I5001: =IF(OR(הגדרות!$E$6=0,H5001>הגדרות!$E$5),"",IF(H5001-1<הגדרות!$E$8*(הגדרות!$E$7+1),INT((H5001-1)/(הגדרות!$E$7+1)),הגדרות!$E$8+INT((H5001-1-הגדרות!$E$8*(הגדרות!$E$7+1))/הגדרות!$E$7))) | J5001: =IF(I5001="","",IF(H5001-1<הגדרות!$E$8*(הגדרות!$E$7+1),MOD(H5001-1,הגדרות!$E$7+1),MOD(H5001-1-הגדרות!$E$8*(הגדרות!$E$7+1),הגדרות!$E$7))) | K5001: =IF(I5001="","",J5001*הגדרות!$E$6+I5001+1) | L5001: =IF(K5001="","",MATCH(K5001,$F$2:$F$5001,0)) | M5001: =IF(I5001="","",INDEX(הגדרות!$A$2:$A$21,MOD(I5001+הגדרות!$E$9,הגדרות!$E$6)+1))
